Index,Rank,Team,Conf,W-L,AdjEM,AdjO,AdjD,AdjT,Luck,AdjEMSOS,OppOSOS,OppDSOS,AdjEMNCSOS
1,1,Virginia,ACC,31-2,+32.15,116.5,84.4,59.2,+.032,+9.99,110.9,100.9,+0.22
2,2,Villanova,BE,30-4,+31.41,127.4,96.0,68.3,-.018,+10.23,111.3,101.1,+4.11
3,3,Duke,ACC,26-7,+29.13,122.6,93.5,70.0,-.029,+10.90,111.0,100.1,+4.61
4,4,Cincinnati,Amer,30-4,+27.00,113.2,86.2,64.7,-.004,+3.18,107.0,103.8,-4.14
5,5,Purdue,B10,28-6,+26.67,123.2,96.6,67.2,+.003,+8.55,109.3,100.8,+0.91
6,6,Michigan St.,B10,29-4,+26.35,120.0,93.6,67.1,+.048,+6.50,109.0,102.5,-4.70
7,7,North Carolina,ACC,25-10,+25.03,122.0,96.9,71.0,-.019,+14.05,112.5,98.4,+7.99
8,8,Gonzaga,WCC,30-4,+24.74,119.8,95.1,69.0,-.006,+0.95,106.6,105.6,+3.24
9,9,Kansas,B12,27-7,+23.24,120.9,97.7,68.4,+.060,+11.49,111.7,100.2,+3.71
10,10,Michigan,B10,28-7,+23.19,115.9,92.7,64.4,+.037,+8.78,111.1,102.3,-4.60
11,11,Tennessee,SEC,25-8,+22.15,114.8,92.7,66.2,+.040,+11.62,112.2,100.5,+7.56
12,12,Texas Tech,B12,24-9,+21.94,114.0,92.1,66.6,-.021,+9.26,110.4,101.1,-5.12
13,13,West Virginia,B12,24-10,+21.77,119.2,97.4,69.0,-.009,+10.48,109.9,99.5,-4.24
14,14,Xavier,BE,28-5,+21.69,120.7,99.0,70.4,+.109,+9.62,110.3,100.7,+2.09
15,15,Ohio St.,B10,24-8,+21.11,116.2,95.0,66.4,+.027,+8.16,109.8,101.6,+0.41
16,16,Auburn,SEC,25-7,+20.63,118.2,97.6,72.3,-.012,+7.53,109.1,101.5,-1.75
17,17,Houston,Amer,26-7,+20.54,115.8,95.2,68.2,-.009,+3.39,106.7,103.3,-2.71
18,18,Kentucky,SEC,24-10,+20.41,116.4,96.0,68.6,-.001,+11.17,111.1,99.9,+5.05
19,19,Clemson,ACC,23-9,+20.27,113.8,93.5,65.6,+.004,+9.76,110.9,101.1,-1.85
20,20,Wichita St.,Amer,25-7,+20.07,121.9,101.9,68.6,-.015,+5.55,107.9,102.3,+2.05
21,21,Arizona,P12,27-7,+19.37,119.0,99.6,67.3,+.025,+6.33,108.9,102.6,+2.82
22,22,TCU,B12,21-11,+18.92,120.6,101.7,68.7,-.058,+9.82,111.5,101.6,-0.43
23,23,Florida,SEC,20-12,+18.71,115.1,96.4,66.8,-.049,+10.74,110.7,100.0,+4.49
24,24,Nevada,MWC,27-7,+18.18,119.9,101.7,69.5,-.028,+4.45,107.3,102.9,+4.20
25,25,Butler,BE,20-13,+17.87,115.8,97.9,67.8,-.037,+10.58,111.9,101.3,+0.27
26,26,Seton Hall,BE,21-11,+17.34,116.3,99.0,69.3,-.020,+9.58,110.4,100.9,+0.42
27,27,Creighton,BE,21-11,+17.28,116.5,99.2,70.8,-.018,+9.23,111.1,101.9,-3.82
28,28,Saint Mary's,WCC,28-5,+17.16,119.8,102.7,63.8,-.003,-1.40,104.6,106.0,-3.66
29,29,Penn St.,B10,21-13,+17.10,113.1,96.0,67.6,-.078,+6.76,109.4,102.7,-6.04
30,30,Texas A&M,SEC,20-12,+16.91,111.2,94.3,69.0,-.007,+11.34,112.1,100.8,+5.29
31,31,Notre Dame,ACC,20-14,+16.82,116.1,99.3,65.0,-.055,+9.76,110.8,101.0,-1.19
32,32,Virginia Tech,ACC,21-11,+16.64,115.0,98.4,68.7,-.003,+8.18,109.9,101.7,-9.57
33,33,Louisville,ACC,20-13,+16.59,113.1,96.6,69.7,-.020,+9.59,110.5,100.9,-2.03
34,34,Baylor,B12,18-14,+16.16,111.2,95.0,66.4,-.068,+11.02,112.1,101.1,-3.54
35,35,Florida St.,ACC,20-11,+15.82,115.8,100.0,71.6,-.032,+7.99,109.2,101.2,-6.72
36,36,Miami FL,ACC,22-9,+15.71,113.3,97.6,67.1,+.034,+8.17,109.6,101.4,-3.58
37,37,Arkansas,SEC,23-11,+15.63,117.3,101.7,69.7,+.062,+10.15,111.0,100.9,+1.30
38,38,Missouri,SEC,20-12,+15.47,113.3,97.8,65.6,-.021,+9.60,110.1,100.5,+1.30
39,39,Texas,B12,19-14,+15.46,109.4,93.9,65.2,-.018,+11.77,111.7,99.9,+2.19
40,40,USC,P12,23-11,+15.29,115.4,100.1,67.5,-.014,+5.97,108.9,102.9,+1.80
41,41,Loyola Chicago,MVC,28-5,+15.14,111.3,96.2,65.3,+.058,+0.07,103.8,103.7,-5.63
42,42,North Carolina St.,ACC,21-11,+15.13,116.4,101.3,71.4,+.007,+7.64,108.9,101.3,-9.44
43,43,Davidson,A10,21-11,+14.91,117.4,102.5,64.2,-.051,+1.88,105.9,104.0,+1.71
44,44,Kansas St.,B12,22-11,+14.75,112.2,97.4,65.5,+.056,+9.20,111.4,102.2,-6.03
45,45,Arizona St.,P12,20-11,+14.71,117.7,102.9,71.6,-.072,+5.80,108.1,102.3,+1.53
46,46,Maryland,B10,19-13,+14.66,114.1,99.4,66.2,-.046,+8.07,109.2,101.1,-4.43
47,47,Oklahoma,B12,18-13,+14.42,115.1,100.7,75.8,+.005,+11.96,111.9,99.9,+2.24
48,48,UCLA,P12,21-11,+14.38,116.4,102.1,70.5,-.019,+6.91,108.7,101.8,+3.56
49,49,Rhode Island,A10,25-7,+14.38,111.7,97.3,68.7,+.037,+2.69,107.4,104.7,+4.06
50,50,San Diego St.,MWC,22-10,+14.15,111.3,97.1,68.7,-.015,+3.37,107.5,104.2,-0.17
51,51,Alabama,SEC,19-15,+13.83,108.5,94.6,68.8,+.000,+11.03,111.0,100.0,+3.02
52,52,Middle Tennessee,CUSA,24-7,+13.78,110.4,96.7,66.3,-.000,+2.69,107.4,104.7,+8.27
53,53,Marquette,BE,19-13,+13.74,119.3,105.6,69.1,+.018,+10.61,111.8,101.2,-0.18
54,54,Syracuse,ACC,20-13,+13.59,107.7,94.1,63.4,+.007,+8.72,111.0,102.2,-0.23
55,55,New Mexico St.,WAC,28-5,+13.56,108.5,94.9,68.2,+.032,-1.51,104.2,105.8,+4.19
56,56,Oklahoma St.,B12,19-14,+13.48,112.1,98.7,68.5,-.007,+10.21,111.7,101.5,-5.02
57,57,Nebraska,B10,22-10,+13.43,111.0,97.5,67.5,+.066,+6.65,108.6,101.9,-3.18
58,58,Boise St.,MWC,23-8,+13.13,110.6,97.5,68.4,+.011,+2.21,106.9,104.7,-1.60
59,59,Murray St.,OVC,26-5,+12.70,113.1,100.4,67.3,-.013,-4.19,102.8,107.0,-0.76
60,60,Western Kentucky,CUSA,24-10,+12.55,113.6,101.1,68.7,-.006,+2.01,106.2,104.2,+3.91
61,61,LSU,SEC,17-14,+12.47,115.6,103.2,68.2,-.030,+8.74,110.4,101.7,-2.71
62,62,Mississippi St.,SEC,22-11,+12.36,109.6,97.3,67.6,+.029,+6.06,108.5,102.4,-10.42
63,63,Providence,BE,21-13,+11.92,108.9,97.0,67.1,+.088,+10.42,112.0,101.6,-1.02
64,64,Georgia,SEC,18-15,+11.91,107.8,95.9,64.4,+.010,+10.66,111.8,101.1,+0.95
65,65,Utah,P12,19-11,+11.88,111.9,100.0,65.6,+.015,+6.17,109.1,103.0,-0.80
66,66,Louisiana Lafayette,SB,27-6,+11.37,113.5,102.1,70.3,+.045,-2.81,103.5,106.3,-0.37
67,67,South Dakota,Sum,26-8,+11.36,110.1,98.8,70.3,-.047,-2.41,105.4,107.8,-1.32
68,68,Old Dominion,CUSA,25-7,+11.33,108.7,97.4,64.4,+.041,-1.74,104.4,106.2,-3.25
69,69,St. Bonaventure,A10,25-7,+11.20,112.3,101.1,69.2,+.077,+2.20,107.0,104.8,+1.43
70,70,BYU,WCC,24-10,+10.97,109.0,98.1,67.3,+.021,+0.90,107.0,106.1,-1.89
71,71,Montana,BSky,26-7,+10.83,110.1,99.3,68.0,-.005,-2.18,104.3,106.5,+2.52
72,72,Vermont,AE,27-7,+10.76,114.1,103.4,63.8,-.051,-3.73,102.6,106.3,+4.70
73,73,Boston College,ACC,19-15,+10.72,113.8,103.1,70.1,+.005,+8.27,109.4,101.1,-6.88
74,74,Wisconsin,B10,15-18,+10.62,110.0,99.4,62.7,-.068,+10.06,111.3,101.3,+0.14
75,75,South Dakota St.,Sum,28-6,+10.59,114.6,104.0,70.3,+.111,-0.10,106.1,106.2,+3.91
76,76,Oregon,P12,22-12,+10.57,110.9,100.3,66.7,+.010,+3.84,108.3,104.4,-5.92
77,77,Buffalo,MAC,26-8,+10.49,114.3,103.8,72.8,-.005,-1.02,104.8,105.8,+4.08
78,78,Indiana,B10,16-15,+10.40,109.7,99.3,66.6,-.025,+8.04,110.1,102.0,-2.39
79,79,Fresno St.,MWC,21-11,+10.20,110.1,99.9,66.6,-.057,+1.24,106.3,105.1,-5.85
80,80,St. John's,BE,16-17,+10.09,106.7,96.6,69.3,-.016,+11.24,112.0,100.7,+3.63
81,81,South Carolina,SEC,17-16,+9.99,105.8,95.8,68.6,+.003,+9.98,110.5,100.6,+0.92
82,82,UNC Greensboro,SC,27-7,+9.06,105.7,96.6,65.0,-.011,-4.99,103.6,108.6,-3.23
83,83,Belmont,OVC,24-9,+9.02,113.0,104.0,66.9,-.004,-3.05,103.5,106.6,+1.55
84,84,Stanford,P12,18-15,+8.80,108.5,99.7,70.4,+.014,+6.74,109.9,103.2,+4.13
85,85,SMU,Amer,17-16,+8.78,109.9,101.1,64.2,-.102,+2.80,105.9,103.1,-3.76
86,86,Temple,Amer,17-15,+8.29,109.1,100.8,67.6,+.039,+8.43,109.2,100.8,+9.23
87,87,Northwestern,B10,15-17,+8.27,109.3,101.0,63.8,-.068,+8.82,109.4,100.6,-1.61
88,88,Vanderbilt,SEC,12-20,+8.08,115.6,107.5,65.8,-.080,+11.50,111.4,99.9,+4.63
89,89,Wake Forest,ACC,11-20,+8.00,111.1,103.1,69.4,-.120,+9.36,109.9,100.5,-1.16
90,90,Iowa,B10,14-19,+7.92,116.7,108.8,70.3,-.090,+8.30,109.7,101.4,-3.85
91,91,Utah Valley,WAC,22-10,+7.92,111.0,103.1,67.7,+.007,-1.53,102.9,104.5,+1.80
92,92,East Tennessee St.,SC,25-9,+7.53,105.6,98.1,67.6,-.000,-3.87,104.1,107.9,-1.33
93,93,Furman,SC,23-10,+7.42,109.3,101.9,68.6,-.005,-4.24,103.5,107.7,-0.68
94,94,Oregon St.,P12,16-16,+7.38,108.8,101.5,65.5,-.083,+3.63,107.9,104.3,-6.98
95,95,Northern Kentucky,Horz,22-9,+7.30,108.2,100.9,68.5,-.065,-5.08,102.4,107.5,+1.99
96,96,Georgia St.,SB,24-10,+7.21,109.0,101.8,66.9,-.022,-2.79,103.7,106.5,-2.88
97,97,Northeastern,CAA,23-10,+7.18,107.9,100.8,67.0,+.030,-1.16,106.6,107.8,+4.33
98,98,Washington,P12,20-12,+7.01,106.3,99.3,69.5,+.080,+4.77,108.6,103.8,+0.17
99,99,Georgetown,BE,15-15,+6.94,109.8,102.9,70.4,-.046,+6.08,108.6,102.5,-17.96
100,100,Bucknell,Pat,25-9,+6.81,109.2,102.4,71.4,+.020,-4.85,102.9,107.7,+6.15
101,101,DePaul,BE,11-20,+6.74,104.8,98.0,69.8,-.103,+9.79,111.6,101.8,-4.06
102,102,New Mexico,MWC,19-15,+6.66,113.7,107.0,71.3,-.022,+3.11,106.5,103.4,+1.85
103,103,Illinois,B10,14-18,+6.58,109.9,103.3,69.9,-.093,+7.51,108.6,101.1,-2.87
104,104,Iowa St.,B12,13-18,+6.57,110.2,103.6,68.9,-.009,+11.00,111.0,100.0,-2.87
105,105,Mississippi,SEC,12-20,+6.53,111.5,105.0,70.0,-.053,+10.04,110.3,100.2,+1.01
106,106,UNLV,MWC,20-13,+6.52,111.7,105.2,72.3,-.012,+1.22,106.5,105.3,-4.71
107,107,Tulsa,Amer,19-12,+6.18,108.6,102.4,67.2,+.029,+1.08,106.1,105.1,-1.74
108,108,Northern Colorado,BSky,22-12,+6.13,107.4,101.3,71.2,-.044,-0.94,105.5,106.4,+1.94
109,109,UCF,Amer,19-13,+5.80,99.2,93.4,64.4,+.062,+2.97,107.1,104.1,-2.11
110,110,Colorado,P12,17-15,+5.68,105.4,99.7,67.7,+.068,+6.94,110.8,103.9,+0.38
111,111,Stephen F. Austin,Slnd,28-6,+5.56,105.0,99.4,71.1,+.037,-7.58,100.8,108.4,-2.05
112,112,Grand Canyon,WAC,22-11,+5.50,102.4,96.9,69.0,-.055,-6.46,100.3,106.8,-10.88
113,113,UAB,CUSA,20-13,+5.47,109.5,104.1,67.6,-.047,-1.50,104.5,106.0,-6.79
114,114,Marshall,CUSA,24-10,+5.38,109.3,103.9,74.8,+.040,-1.67,104.8,106.4,-6.83
115,115,Wyoming,MWC,20-13,+5.11,105.9,100.8,73.5,+.068,+3.85,107.8,104.0,+2.78
116,116,Georgia Tech,ACC,13-19,+5.03,104.0,98.9,66.1,-.022,+8.49,109.3,100.8,-5.63
117,117,Saint Joseph's,A10,16-16,+5.02,105.8,100.7,70.5,-.052,+0.92,105.9,105.0,+1.97
118,118,Minnesota,B10,15-17,+5.00,109.0,104.0,69.8,-.020,+7.07,109.3,102.2,-4.76
119,119,Toledo,MAC,23-11,+4.94,114.1,109.1,68.4,+.049,-2.02,104.2,106.2,-1.99
120,120,College of Charleston,CAA,26-7,+4.73,109.9,105.2,64.6,+.049,-4.61,104.9,109.5,-7.46
121,121,UC Santa Barbara,BW,23-9,+4.69,111.9,107.2,66.6,+.034,-3.17,102.5,105.7,-0.10
122,122,Missouri St.,MVC,18-15,+4.59,108.5,103.9,65.4,-.046,+1.14,104.4,103.2,-2.78
123,123,Northern Iowa,MVC,16-16,+4.27,103.3,99.1,62.6,-.032,+4.65,107.2,102.6,+6.42
124,124,San Diego,WCC,18-13,+3.96,104.0,100.1,66.8,-.020,+0.50,105.4,104.9,-2.56
125,125,Bradley,MVC,20-13,+3.77,104.5,100.8,65.7,+.042,+1.16,105.2,104.0,-4.23
126,126,Idaho,BSky,22-9,+3.72,109.5,105.8,65.6,+.039,-3.51,103.7,107.3,-2.68
127,127,Penn,Ivy,24-8,+3.70,103.6,99.9,68.9,+.078,-4.63,103.7,108.3,-2.77
128,128,UC Davis,BW,22-10,+3.60,104.7,101.1,66.5,+.045,-1.03,104.1,105.1,+4.58
129,129,Eastern Washington,BSky,20-14,+3.48,108.3,104.9,66.1,-.007,+0.20,105.7,105.5,+6.83
130,130,Canisius,MAAC,21-11,+3.47,107.8,104.3,68.7,-.019,-4.47,103.0,107.5,-2.65
131,131,UT Arlington,SB,21-13,+3.43,105.8,102.4,72.8,+.009,-1.08,104.7,105.8,-1.24
132,132,Florida Gulf Coast,ASun,23-11,+3.42,108.3,104.9,71.2,-.054,-7.46,102.5,109.9,-0.55
133,133,Rutgers,B10,15-19,+2.94,99.5,96.5,66.0,-.043,+5.67,108.6,102.9,-14.06
134,134,Iona,MAAC,20-13,+2.87,110.3,107.4,70.7,-.022,-2.39,103.3,105.7,+2.26
135,135,Wright St.,Horz,25-9,+2.82,101.1,98.3,68.2,+.056,-4.78,102.6,107.4,+2.30
136,136,Utah St.,MWC,17-17,+2.66,107.6,104.9,66.8,-.014,+3.09,107.2,104.1,-0.66
137,137,Southern Illinois,MVC,20-13,+2.66,106.4,103.7,66.6,+.073,+1.39,104.9,103.6,-3.72
138,138,Evansville,MVC,17-15,+2.66,99.5,96.8,65.7,+.015,+1.46,105.8,104.3,-3.24
139,139,Rider,MAAC,22-9,+2.51,109.3,106.8,73.6,+.095,-2.88,103.3,106.2,+0.64
140,140,UC Irvine,BW,18-17,+2.50,100.5,98.0,66.9,-.025,+1.74,106.4,104.7,+9.62
141,141,VCU,A10,18-15,+2.31,106.4,104.1,70.9,+.015,+0.80,105.7,104.9,+1.34
142,142,San Francisco,WCC,18-15,+2.25,103.1,100.9,66.5,+.043,+1.32,107.6,106.3,-1.04
143,143,Indiana St.,MVC,13-18,+2.24,104.8,102.5,69.9,-.097,+3.00,105.5,102.5,+1.54
144,144,Harvard,Ivy,18-13,+2.14,101.4,99.3,65.5,+.000,-1.26,105.3,106.6,+3.72
145,145,Illinois St.,MVC,18-15,+2.12,105.8,103.7,68.9,+.116,+4.99,106.6,101.6,+6.83
146,146,Saint Louis,A10,17-16,+2.12,102.4,100.3,64.1,+.003,+1.54,107.3,105.8,+1.29
147,147,Eastern Michigan,MAC,21-12,+2.08,103.4,101.3,64.5,+.004,-2.30,105.6,107.9,-2.09
148,148,Mercer,SC,18-14,+1.86,112.1,110.2,63.9,-.069,-3.38,103.0,106.4,+0.23
149,149,Jacksonville St.,OVC,21-12,+1.81,102.2,100.3,65.9,-.026,-5.28,103.5,108.8,-9.10
150,150,Georgia Southern,SB,21-12,+1.76,106.3,104.6,68.8,+.015,-2.12,103.4,105.5,-1.24
151,151,Valparaiso,MVC,15-17,+1.63,103.2,101.6,69.6,-.053,+1.74,105.5,103.7,-2.32
152,152,Albany,AE,22-10,+1.44,107.3,105.9,66.1,+.007,-6.42,101.8,108.2,-4.89
153,153,Cal St. Fullerton,BW,20-11,+1.32,105.0,103.7,69.5,+.089,-1.28,103.9,105.1,+3.47
154,154,Drake,MVC,16-16,+1.23,106.8,105.6,68.0,+.014,+2.59,106.0,103.4,+0.13
155,155,Louisiana Tech,CUSA,17-16,+1.21,106.9,105.7,67.3,-.067,-0.87,104.1,105.0,-3.00
156,156,Fort Wayne,Sum,18-14,+1.17,107.6,106.4,72.6,-.062,-1.99,104.9,106.9,-2.40
157,157,Wofford,SC,21-12,+1.11,108.7,107.6,65.9,+.058,-2.13,104.2,106.3,+2.33
158,158,La Salle,A10,13-19,+1.06,105.2,104.1,68.9,-.072,+1.46,106.1,104.6,+2.49
159,159,Weber St.,BSky,20-11,+1.03,107.1,106.1,67.6,+.037,-2.51,104.4,106.9,+0.19
160,160,Towson,CAA,18-14,+1.02,106.1,105.1,67.9,-.070,-2.80,105.2,108.0,-2.35
161,161,Memphis,Amer,21-13,+0.95,107.9,107.0,66.5,+.135,+0.85,105.2,104.3,-6.07
162,162,Hofstra,CAA,19-12,+0.81,111.3,110.5,68.8,+.062,-1.66,105.9,107.6,+2.27
163,163,Winthrop,BSth,19-12,+0.76,106.3,105.6,71.6,-.037,-5.38,102.0,107.4,+2.54
164,164,Portland St.,BSky,20-13,+0.75,108.6,107.9,74.8,+.036,-0.53,105.5,106.0,+3.88
165,165,Lipscomb,ASun,23-9,+0.36,103.8,103.4,74.9,+.114,-4.94,103.2,108.1,+6.07
166,166,Pacific,WCC,14-18,+0.24,107.3,107.0,66.3,-.016,+2.19,106.6,104.5,+2.35
167,167,Tulane,Amer,14-17,+0.18,107.2,107.0,68.9,-.018,+1.16,105.3,104.1,-5.87
168,168,Dayton,A10,14-17,+0.08,108.7,108.6,66.2,-.004,+1.69,106.1,104.4,+1.70
169,169,North Dakota St.,Sum,15-17,-0.03,105.6,105.6,66.4,-.078,+0.52,106.9,106.3,+1.88
170,170,Radford,BSth,22-12,-0.05,103.6,103.6,62.7,+.044,-4.43,102.7,107.1,+4.01
171,171,Wagner,NEC,23-9,-0.10,103.8,103.9,67.3,+.069,-8.51,101.5,110.0,+0.23
172,172,William & Mary,CAA,19-12,-0.11,115.4,115.6,70.0,+.098,-0.70,106.0,106.7,+3.61
173,173,Connecticut,Amer,14-18,-0.25,105.3,105.6,66.9,+.075,+6.37,108.3,102.0,+5.28
174,174,Ball St.,MAC,19-13,-0.31,103.6,103.9,69.9,+.060,-2.06,104.9,107.0,-1.27
175,175,UTSA,CUSA,19-14,-0.31,105.3,105.6,71.6,+.041,-1.01,104.2,105.2,+1.62
176,176,Troy,SB,16-17,-0.38,106.4,106.8,68.2,-.065,-0.93,104.2,105.1,-0.11
177,177,Central Michigan,MAC,19-14,-0.46,108.1,108.5,67.2,-.045,-3.95,103.3,107.2,-9.02
178,178,Oakland,Horz,19-14,-0.76,107.3,108.1,70.3,+.011,-4.69,102.9,107.6,+1.35
179,179,Richmond,A10,12-20,-0.80,107.7,108.4,67.9,-.022,+2.98,107.0,104.0,+5.54
180,180,Liberty,BSth,20-14,-0.93,104.8,105.7,63.2,-.064,-6.14,102.2,108.4,-4.96
181,181,Monmouth,MAAC,11-20,-1.07,103.9,105.0,70.0,-.112,-0.48,105.3,105.8,+5.21
182,182,Washington St.,P12,12-19,-1.44,108.8,110.2,68.3,+.004,+4.90,107.8,102.9,-1.48
183,183,Nicholls St.,Slnd,21-11,-1.60,103.6,105.2,73.5,+.037,-5.41,102.4,107.9,+4.00
184,184,UMBC,AE,24-10,-1.91,103.4,105.3,68.2,+.145,-5.63,102.5,108.2,-3.40
185,185,North Texas,CUSA,15-17,-2.11,103.3,105.4,66.3,-.040,-1.13,103.6,104.8,+0.89
186,186,Long Beach St.,BW,15-18,-2.21,106.5,108.7,71.7,+.027,+1.80,105.5,103.7,+8.92
187,187,Western Michigan,MAC,17-15,-2.29,106.5,108.8,67.8,+.010,-1.96,104.6,106.5,-2.39
188,188,Austin Peay,OVC,18-14,-2.30,105.2,107.5,68.8,+.065,-2.05,103.8,105.9,+4.34
189,189,Seattle,WAC,20-13,-2.32,104.4,106.7,67.3,+.055,-3.63,102.5,106.1,-4.78
190,190,Southeastern Louisiana,Slnd,22-11,-2.42,103.4,105.8,65.6,+.095,-5.58,101.5,107.1,+1.51
191,191,Princeton,Ivy,13-16,-2.45,105.7,108.1,64.5,-.055,-1.75,104.6,106.4,+2.32
192,192,UNC Asheville,BSth,21-12,-2.52,105.8,108.3,69.1,+.111,-3.85,103.3,107.1,+5.96
193,193,Miami OH,MAC,16-17,-2.60,99.4,102.0,66.6,+.026,-0.61,105.2,105.8,+2.14
194,194,George Washington,A10,15-18,-2.69,103.8,106.4,65.8,+.036,+0.56,105.9,105.4,+0.29
195,195,Ohio,MAC,14-17,-3.08,100.8,103.9,71.3,-.047,-1.55,105.0,106.6,-1.89
196,196,Hawaii,BW,17-13,-3.13,99.6,102.7,67.8,+.034,-3.46,103.5,106.9,-3.39
197,197,Yale,Ivy,16-15,-3.18,104.0,107.2,68.8,+.042,-1.59,105.4,107.0,+1.84
198,198,Tennessee St.,OVC,15-15,-3.37,97.8,101.2,65.6,+.016,-2.81,103.9,106.7,+4.21
199,199,Niagara,MAAC,19-13,-3.53,110.6,114.1,73.3,+.093,-4.03,103.1,107.2,-3.23
200,200,Duquesne,A10,16-16,-3.55,104.9,108.5,66.2,-.059,-5.86,101.8,107.7,-16.56
201,201,Central Arkansas,Slnd,17-16,-3.63,106.1,109.7,72.6,-.014,-5.46,101.1,106.5,-1.67
202,202,Illinois Chicago,Horz,17-15,-3.66,100.9,104.5,72.0,-.013,-5.02,102.4,107.4,-1.28
203,203,Lamar,Slnd,19-13,-3.66,102.1,105.8,67.6,-.051,-7.10,100.8,107.9,-1.43
204,204,St. Francis PA,NEC,18-12,-3.71,107.5,111.2,68.1,+.040,-7.28,101.9,109.2,+3.23
205,205,Milwaukee,Horz,16-17,-3.75,100.2,103.9,65.7,-.023,-4.81,102.6,107.4,-2.00
206,206,Denver,Sum,15-15,-3.82,103.1,106.9,66.4,+.026,-1.43,105.2,106.7,-2.95
207,207,Massachusetts,A10,13-20,-4.03,106.8,110.8,66.4,-.013,-0.21,104.8,105.0,-2.81
208,208,Appalachian St.,SB,15-18,-4.05,103.8,107.8,70.0,-.026,-2.26,103.5,105.8,-0.02
209,209,Coastal Carolina,SB,14-18,-4.08,102.1,106.2,67.8,-.052,-1.87,104.1,106.0,+1.13
210,210,Colgate,Pat,19-13,-4.11,105.3,109.4,66.2,+.044,-6.61,102.0,108.6,-2.53
211,211,Fairfield,MAAC,17-16,-4.21,102.4,106.6,70.5,+.051,-4.09,103.6,107.7,-0.63
212,212,Sam Houston St.,Slnd,19-14,-4.53,102.1,106.7,66.6,+.025,-4.83,102.4,107.3,+4.52
213,213,Kent St.,MAC,17-17,-4.63,102.4,107.0,68.6,+.066,-1.68,104.5,106.2,-1.67
214,214,Hartford,AE,19-13,-4.81,102.7,107.5,66.4,+.068,-6.43,101.5,107.9,-6.20
215,215,Saint Peter's,MAAC,14-18,-4.83,95.9,100.8,62.6,-.037,-3.95,104.4,108.4,-5.03
216,216,Manhattan,MAAC,14-17,-4.84,99.7,104.5,65.7,-.007,-3.86,104.0,107.9,-3.59
217,217,Southern Miss,CUSA,16-18,-4.89,105.7,110.6,65.4,+.037,+1.85,105.4,103.5,+4.32
218,218,Tennessee Tech,OVC,19-14,-5.14,98.9,104.0,70.9,+.118,-2.62,104.5,107.1,-0.26
219,219,George Mason,A10,16-17,-5.16,102.4,107.6,69.0,+.117,-0.43,105.7,106.1,-3.43
220,220,South Alabama,SB,14-18,-5.31,97.2,102.5,70.3,-.033,-2.68,103.5,106.1,-6.10
221,221,Idaho St.,BSky,14-16,-5.47,103.6,109.1,68.1,-.005,-3.20,104.4,107.6,-1.83
222,222,Loyola Marymount,WCC,11-20,-5.48,107.9,113.4,66.9,+.012,+1.44,106.1,104.7,-2.05
223,223,Louisiana Monroe,SB,16-15,-5.50,101.1,106.6,65.9,+.047,-2.70,103.1,105.8,-2.83
224,224,Stony Brook,AE,13-19,-5.53,97.0,102.5,68.3,+.009,-2.11,104.6,106.7,+1.41
225,225,Colorado St.,MWC,11-21,-5.55,103.0,108.5,69.6,+.037,+4.28,107.7,103.4,+1.50
226,226,Pittsburgh,ACC,8-24,-5.60,99.2,104.8,65.1,+.007,+9.55,110.6,101.1,-3.34
227,227,Campbell,BSth,16-15,-5.66,104.7,110.4,67.9,-.069,-7.27,101.3,108.6,-7.91
228,228,Texas St.,SB,15-18,-5.68,100.1,105.8,62.7,+.003,-2.61,103.7,106.3,-6.57
229,229,Navy,Pat,20-12,-5.76,98.9,104.7,65.4,+.095,-8.01,101.3,109.3,-6.19
230,230,Oral Roberts,Sum,11-21,-5.91,106.4,112.3,65.3,-.033,+3.53,107.9,104.4,+8.75
231,231,Mount St. Mary's,NEC,18-14,-6.07,104.2,110.2,64.7,+.029,-8.07,101.4,109.5,-3.20
232,232,Air Force,MWC,12-19,-6.12,100.9,107.0,65.9,+.022,+2.12,106.3,104.2,-4.68
233,233,Columbia,Ivy,8-19,-6.14,107.5,113.7,69.9,-.146,-3.31,103.2,106.5,-1.09
234,234,North Dakota,BSky,12-20,-6.16,103.4,109.6,71.4,+.015,+1.59,106.7,105.1,+7.02
235,235,FIU,CUSA,14-18,-6.18,98.3,104.5,69.0,-.039,-3.71,103.0,106.7,-6.78
236,236,James Madison,CAA,10-22,-6.20,101.5,107.7,67.8,-.025,-2.02,106.0,108.0,-0.84
237,237,Lehigh,Pat,16-14,-6.23,106.0,112.3,70.8,+.042,-6.59,101.6,108.2,-1.55
238,238,Bowling Green,MAC,16-16,-6.31,102.4,108.7,70.1,+.066,-2.57,104.1,106.6,-4.44
239,239,Cal St. Bakersfield,WAC,12-18,-6.32,97.9,104.2,65.3,-.024,+1.24,106.0,104.8,+5.20
240,240,High Point,BSth,14-16,-6.66,100.4,107.0,65.8,-.082,-6.31,102.0,108.3,-1.64
241,241,California,P12,8-24,-6.78,98.7,105.5,68.6,+.008,+5.93,109.7,103.7,-2.30
242,242,Florida Atlantic,CUSA,12-19,-7.00,95.8,102.8,69.2,-.025,-0.91,104.8,105.7,-0.25
243,243,UTEP,CUSA,11-20,-7.21,97.9,105.1,67.6,-.039,-1.58,104.4,106.0,-2.06
244,244,Robert Morris,NEC,16-17,-7.45,95.2,102.7,69.2,+.036,-5.13,103.4,108.5,+1.42
245,245,Southern Utah,BSky,13-19,-7.47,102.7,110.2,71.7,+.062,+0.08,106.5,106.4,+5.34
246,246,Hampton,MEAC,19-15,-7.56,101.7,109.3,71.6,-.017,-11.39,99.6,111.0,+1.38
247,247,UNC Wilmington,CAA,11-21,-7.58,104.5,112.1,71.9,-.023,-0.21,107.0,107.2,+3.07
248,248,Charleston Southern,BSth,15-16,-7.63,99.6,107.2,66.4,-.019,-5.98,102.8,108.7,-0.95
249,249,Texas Southern,SWAC,15-19,-7.66,105.3,112.9,71.6,-.009,-6.74,101.0,107.7,+17.47
250,250,Delaware,CAA,14-19,-7.72,102.2,109.9,65.9,+.015,-2.43,105.5,107.9,-3.16
251,251,LIU Brooklyn,NEC,18-16,-7.80,103.3,111.1,71.4,+.015,-8.39,100.7,109.0,-5.78
252,252,Elon,CAA,14-18,-7.82,103.8,111.6,67.3,+.061,-0.87,105.8,106.6,+2.50
253,253,Drexel,CAA,13-20,-7.86,103.2,111.0,69.0,+.064,-2.00,105.9,107.9,-2.08
254,254,NJIT,ASun,14-16,-8.04,98.9,106.9,66.9,-.024,-7.01,103.8,110.8,-2.28
255,255,Northern Illinois,MAC,13-19,-8.05,103.5,111.6,67.0,+.002,-1.58,105.0,106.6,-3.80
256,256,Southeast Missouri St.,OVC,14-17,-8.14,108.7,116.8,69.2,+.021,-4.28,102.3,106.6,-2.14
257,257,Eastern Illinois,OVC,12-19,-8.22,99.3,107.5,65.5,+.009,-2.23,103.8,106.0,+2.20
258,258,Akron,MAC,14-18,-8.29,102.1,110.4,67.7,+.068,-1.99,104.8,106.8,-4.99
259,259,UT Rio Grande Valley,WAC,15-17,-8.36,99.5,107.9,73.8,+.077,-2.36,102.5,104.8,-2.53
260,260,Boston University,Pat,15-16,-8.39,100.4,108.8,67.5,+.057,-5.38,102.6,108.0,-2.20
261,261,Gardner Webb,BSth,14-18,-8.62,97.8,106.5,67.7,+.021,-2.72,103.6,106.3,+7.00
262,262,UC Riverside,BW,9-22,-8.80,94.9,103.7,68.2,-.067,-0.63,104.6,105.2,+2.44
263,263,Pepperdine,WCC,6-26,-8.84,105.7,114.6,67.5,-.056,+1.99,107.1,105.1,-0.23
264,264,Army,Pat,13-17,-8.86,100.0,108.9,70.4,-.045,-7.07,102.3,109.4,-4.66
265,265,Abilene Christian,Slnd,16-15,-8.89,98.8,107.7,68.4,+.023,-6.69,101.5,108.2,-2.99
266,266,Portland,WCC,10-22,-8.96,99.7,108.6,67.1,-.001,+2.15,107.4,105.2,+1.21
267,267,Cornell,Ivy,12-16,-8.98,104.8,113.8,69.2,+.057,-3.00,104.1,107.1,-1.68
268,268,Montana St.,BSky,13-19,-9.13,102.5,111.6,69.6,+.026,-2.46,105.0,107.5,-1.65
269,269,Brown,Ivy,11-16,-9.17,101.1,110.3,71.7,+.004,-5.27,102.9,108.2,-6.69
270,270,New Orleans,Slnd,15-16,-9.21,98.2,107.4,66.2,+.047,-4.35,102.1,106.5,+11.22
271,271,Green Bay,Horz,13-20,-9.23,99.8,109.1,72.2,-.028,-4.43,102.8,107.3,+0.29
272,272,Prairie View A&M,SWAC,16-18,-9.41,101.6,111.0,70.8,+.010,-7.91,100.4,108.3,+10.79
273,273,Santa Clara,WCC,11-20,-9.72,99.8,109.6,64.6,+.018,-0.46,106.0,106.5,-6.51
274,274,Fairleigh Dickinson,NEC,13-18,-9.85,102.6,112.5,70.4,+.025,-4.97,102.8,107.8,+5.95
275,275,UMKC,WAC,10-22,-10.03,98.8,108.8,69.3,-.009,+0.37,105.3,105.0,+2.31
276,276,Morehead St.,OVC,8-21,-10.08,99.3,109.4,68.5,-.069,-0.59,105.1,105.7,+7.72
277,277,Nebraska Omaha,Sum,9-22,-10.26,104.6,114.9,69.8,+.012,+2.51,107.6,105.1,+4.78
278,278,Quinnipiac,MAAC,12-21,-10.29,102.2,112.5,66.5,+.079,-3.75,103.6,107.4,-3.52
279,279,Lafayette,Pat,10-21,-10.32,102.1,112.4,68.3,-.097,-6.39,101.9,108.3,-2.52
280,280,South Florida,Amer,10-22,-10.41,99.1,109.6,64.5,-.013,-1.44,104.1,105.6,-11.59
281,281,Arkansas St.,SB,11-21,-10.46,104.8,115.3,69.5,+.017,-1.91,103.4,105.4,-2.62
282,282,Sacramento St.,BSky,7-25,-10.47,100.2,110.6,65.5,-.067,+0.64,106.3,105.7,+4.04
283,283,New Hampshire,AE,10-21,-10.56,98.4,109.0,65.4,-.069,-4.81,102.7,107.5,-3.75
284,284,North Florida,ASun,14-19,-10.71,107.9,118.6,73.6,+.074,-0.64,105.3,105.9,+10.11
285,285,Bethune Cookman,MEAC,18-14,-11.10,99.9,111.0,76.0,+.025,-13.15,97.6,110.8,-5.21
286,286,Eastern Kentucky,OVC,11-20,-11.13,101.9,113.0,68.5,+.017,-2.40,103.6,106.0,+1.17
287,287,IUPUI,Horz,11-19,-11.22,98.2,109.5,66.1,+.030,-3.48,103.5,107.0,+2.67
288,288,UMass Lowell,AE,12-18,-11.30,103.7,115.0,71.6,+.002,-6.84,101.2,108.0,-9.34
289,289,Western Illinois,Sum,12-16,-11.37,96.6,108.0,68.0,+.006,-1.64,105.4,107.0,-6.46
290,290,Holy Cross,Pat,12-19,-11.47,97.7,109.2,62.9,+.026,-5.84,102.2,108.1,-3.07
291,291,McNeese St.,Slnd,12-17,-11.57,100.8,112.4,70.4,-.025,-4.83,102.0,106.8,+7.56
292,292,Fordham,A10,9-22,-11.62,94.7,106.4,65.9,+.009,-0.10,105.1,105.2,-5.13
293,293,Tennessee Martin,OVC,10-21,-11.73,95.8,107.5,66.1,-.019,-4.22,103.7,107.9,-2.63
294,294,Little Rock,SB,7-25,-11.74,94.3,106.0,65.0,-.058,-0.88,104.6,105.5,+0.17
295,295,Rice,CUSA,7-24,-11.88,99.0,110.9,67.5,-.041,-0.31,104.3,104.6,+1.38
296,296,Grambling St.,SWAC,17-14,-11.89,94.5,106.4,72.2,+.102,-9.81,99.2,109.0,+3.34
297,297,Samford,SC,10-22,-11.94,108.1,120.1,71.2,-.036,-1.72,104.0,105.7,+4.11
298,298,San Jose St.,MWC,4-26,-12.04,95.9,107.9,67.0,-.030,+3.57,107.8,104.2,-0.08
299,299,Dartmouth,Ivy,7-20,-12.15,98.7,110.9,66.8,-.043,-3.44,104.0,107.4,-2.77
300,300,Binghamton,AE,11-20,-12.19,97.6,109.8,66.0,-.061,-6.84,101.4,108.2,-8.37
301,301,Siena,MAAC,8-24,-12.24,96.8,109.0,65.6,-.015,-2.60,104.7,107.3,+0.78
302,302,Western Carolina,SC,13-19,-12.26,96.1,108.3,69.4,+.102,-0.35,105.6,106.0,+5.35
303,303,Sacred Heart,NEC,10-21,-12.32,96.5,108.8,68.3,-.076,-7.51,101.6,109.1,-3.75
304,304,North Carolina A&T,MEAC,20-14,-12.47,98.8,111.2,69.3,+.101,-11.95,99.0,110.9,-1.06
305,305,Chattanooga,SC,10-23,-12.57,99.6,112.1,65.5,-.024,-3.15,103.8,106.9,-2.16
306,306,Central Connecticut,NEC,14-18,-12.61,98.4,111.0,64.5,+.066,-6.81,101.5,108.3,-3.52
307,307,Cleveland St.,Horz,12-23,-12.63,97.9,110.5,67.0,+.032,-3.87,103.2,107.0,-1.10
308,308,East Carolina,Amer,10-20,-12.72,97.1,109.8,68.7,+.026,-2.13,103.4,105.5,-16.28
309,309,North Carolina Central,MEAC,19-15,-12.74,98.2,110.9,64.9,+.017,-12.75,98.7,111.4,-1.58
310,310,St. Francis NY,NEC,13-18,-12.82,99.1,111.9,69.2,+.022,-6.73,101.8,108.5,-1.98
311,311,Kennesaw St.,ASun,10-20,-12.90,99.1,112.0,68.5,-.023,-4.28,104.3,108.5,+2.73
312,312,Texas A&M Corpus Chris,Slnd,11-18,-12.93,94.9,107.8,68.2,-.015,-5.90,101.4,107.3,+4.89
313,313,Norfolk St.,MEAC,14-19,-13.04,95.7,108.8,69.0,+.002,-10.61,99.6,110.2,+1.16
314,314,Stetson,ASun,12-20,-13.34,98.8,112.1,69.7,-.041,-6.29,102.5,108.8,-4.03
315,315,The Citadel,SC,11-21,-13.40,101.9,115.3,77.2,+.062,-2.38,104.0,106.4,+0.66
316,316,Savannah St.,MEAC,15-17,-13.41,101.3,114.7,82.2,+.108,-6.45,101.7,108.2,+15.75
317,317,Charlotte,CUSA,6-23,-13.57,99.2,112.8,71.2,-.024,-0.33,104.7,105.0,-2.98
318,318,SIU Edwardsville,OVC,9-21,-13.67,99.8,113.5,69.2,+.069,-2.73,103.8,106.5,-1.08
319,319,Marist,MAAC,6-25,-14.35,98.9,113.2,69.6,-.048,-3.85,103.9,107.8,-3.20
320,320,Jacksonville,ASun,15-18,-14.36,94.4,108.7,68.6,+.060,-6.64,102.8,109.5,-2.98
321,321,Detroit,Horz,8-24,-14.68,102.6,117.3,72.4,-.011,-2.25,103.9,106.2,+5.11
322,322,Cal Poly,BW,9-22,-14.68,98.7,113.4,66.2,+.051,-0.84,104.4,105.3,+0.90
323,323,Morgan St.,MEAC,13-19,-14.70,96.7,111.4,68.8,-.060,-11.54,99.1,110.7,+0.73
324,324,Loyola MD,Pat,9-22,-14.78,96.5,111.3,68.3,+.020,-5.26,103.0,108.3,-1.47
325,325,Youngstown St.,Horz,8-24,-15.08,101.4,116.5,71.1,-.010,-1.94,103.5,105.5,+5.54
326,326,Northern Arizona,BSky,5-27,-15.71,93.9,109.6,68.6,-.030,+0.86,106.0,105.2,+4.30
327,327,Southern,SWAC,15-18,-15.72,94.4,110.2,67.9,+.051,-11.17,98.5,109.7,+6.79
328,328,Cal St. Northridge,BW,6-24,-16.11,97.2,113.3,65.7,-.047,-2.60,103.5,106.1,-2.96
329,329,American,Pat,6-24,-16.22,95.9,112.1,66.5,-.061,-5.94,102.6,108.6,-2.62
330,330,Arkansas Pine Bluff,SWAC,14-21,-16.60,93.7,110.3,67.4,+.044,-9.50,99.3,108.8,+3.92
331,331,VMI,SC,9-21,-17.36,90.3,107.7,68.8,+.024,-3.44,104.5,108.0,-2.23
332,332,Houston Baptist,Slnd,6-25,-17.65,99.2,116.9,73.4,-.092,-3.32,103.0,106.3,+9.71
333,333,Maine,AE,6-26,-17.66,91.1,108.8,71.3,-.002,-2.77,103.8,106.6,-1.28
334,334,Presbyterian,BSth,11-21,-17.79,98.1,115.9,63.3,+.062,-5.09,102.0,107.1,-3.12
335,335,Howard,MEAC,10-23,-18.96,99.7,118.7,69.8,-.039,-9.16,100.2,109.4,+2.47
336,336,Alcorn St.,SWAC,11-21,-19.61,95.2,114.8,67.9,-.055,-8.96,100.0,109.0,+10.33
337,337,Jackson St.,SWAC,12-20,-19.82,89.6,109.5,64.1,+.062,-9.96,100.0,110.0,+4.49
338,338,USC Upstate,ASun,7-25,-19.86,105.5,125.3,69.0,-.051,-3.27,103.5,106.8,+1.89
339,339,Alabama St.,SWAC,8-23,-20.12,96.0,116.1,68.7,-.018,-9.14,99.6,108.7,+4.79
340,340,Longwood,BSth,7-26,-20.49,89.9,110.4,69.0,-.039,-3.76,103.2,107.0,-0.40
341,341,Florida A&M,MEAC,9-25,-21.13,95.9,117.1,67.0,+.040,-7.20,101.5,108.7,+6.73
342,342,Incarnate Word,Slnd,7-21,-21.58,93.7,115.3,69.6,-.006,-5.23,101.8,107.0,+8.60
343,343,South Carolina St.,MEAC,10-22,-21.74,97.2,118.9,70.4,+.030,-8.58,100.7,109.3,+4.89
344,344,Bryant,NEC,3-28,-21.76,99.2,120.9,70.1,-.013,-4.73,102.5,107.3,+1.63
345,345,Northwestern St.,Slnd,4-25,-22.36,88.6,111.0,68.8,-.080,-3.24,103.1,106.4,+8.16
346,346,Chicago St.,WAC,3-29,-22.47,96.9,119.4,72.1,-.063,+3.22,106.6,103.4,+6.30
347,347,Coppin St.,MEAC,5-27,-23.97,86.8,110.7,67.0,-.026,-6.93,101.3,108.2,+5.53
348,348,Mississippi Valley St.,SWAC,4-28,-24.40,90.5,114.9,69.4,-.032,-7.36,100.8,108.1,+7.50
349,349,Maryland Eastern Shore,MEAC,7-25,-26.96,91.1,118.0,65.8,-.018,-7.21,101.6,108.8,+7.72
350,350,Delaware St.,MEAC,4-28,-27.97,90.6,118.5,64.9,-.094,-9.00,100.1,109.1,+1.59
351,351,Alabama A&M,SWAC,3-28,-28.57,86.7,115.3,65.7,-.040,-8.07,100.7,108.7,+4.96
